-4.000000000000000000e+01,-4.000000000000000000e+01,2.000000000000000000e+01,5.000000000000000000e+00,0.000000000000000000e+00,0.000000000000000000e+00,0.000000000000000000e+00,0.000000000000000000e+00,0.000000000000000000e+00,0.000000000000000000e+00,0.000000000000000000e+00,0.000000000000000000e+00
-3.788185456114578642e+01,-3.841704201041891054e+01,1.898774948208968638e+01,6.327990329869493280e+00,2.545454452490719319e-03,1.249325771018773845e-01,2.118145438854223794e+00,1.582957989581082137e+00,-1.012250517910315173e+00,1.327990329869493946e+00,2.545454452490720186e-03,1.249325771018773845e-01
-3.587438865001553978e+01,-3.691872302200221867e+01,1.802645814762243504e+01,6.327264853229019437e+00,2.237650339962583574e-03,1.212393860560306014e-01,4.125611349984467324e+00,3.081276977997777777e+00,-1.973541852377565853e+00,1.327264853229020103e+00,2.237650339962584441e-03,1.212393860560306014e-01
-3.397080895884222684e+01,-3.549722673939041329e+01,1.711248376649034952e+01,6.326404536424613312e+00,1.939767970475287599e-03,1.170984289635740028e-01,6.029191041157784703e+00,4.502773260609580497e+00,-2.887516233509651808e+00,1.326404536424614200e+00,1.939767970475288032e-03,1.170984289635740028e-01
-3.216574889938323878e+01,-3.414685037808659729e+01,1.624324417731819636e+01,6.325416706139145084e+00,1.657503306876543115e-03,1.125924774888899943e-01,7.834251100616771879e+00,5.853149621913399159e+00,-3.756755822681804524e+00,1.325416706139146417e+00,1.657503306876543332e-03,1.125924774888899943e-01
-3.045384188339598097e+01,-3.286189115359384516e+01,1.541615721873074207e+01,6.324308689055486710e+00,1.396552312014061629e-03,1.078043032963609815e-01,9.546158116604026134e+00,7.138108846406147734e+00,-4.583842781269257038e+00,1.324308689055487376e+00,1.396552312014062280e-03,1.078043032963609954e-01
-2.883048005394606506e+01,-3.163785888953626113e+01,1.462907450160084366e+01,6.323092893978600415e+00,1.159877304605108845e-03,1.028180943501143529e-01,1.116951994605394383e+01,8.362141110463733540e+00,-5.370925498399159004e+00,1.323092893978600637e+00,1.159877304605109061e-03,1.028180943501143529e-01
-2.728994720736254820e+01,-3.046839904334171223e+01,1.387929384504058739e+01,6.321779708204262604e+00,9.492019183441721859e-04,9.771391088051328833e-02,1.271005279263746246e+01,9.531600956658282442e+00,-6.120706154959414391e+00,1.321779708204263271e+00,9.492019183441726196e-04,9.771391088051328833e-02
-2.582823243115472422e+01,-2.934992538151525920e+01,1.316507982365715179e+01,6.320382494939537743e+00,7.641957676398711133e-04,9.254622284610274086e-02,1.417176756884528466e+01,1.065007461848473547e+01,-6.834920176342849096e+00,1.320382494939537965e+00,7.641957676398714386e-04,9.254622284610274086e-02
-2.444183844111321235e+01,-2.827968561656480517e+01,1.248498270597746540e+01,6.318916620740422374e+00,6.036037251337159591e-04,8.736736247865888039e-02,1.555816155888679830e+01,1.172031438343519127e+01,-7.515017294022535488e+00,1.318916620740423262e+00,6.036037251337165012e-04,8.736736247865888039e-02
-2.312726795302861404e+01,-2.725492746099824970e+01,1.183755276052846028e+01,6.317397452162917482e+00,4.661706634672179231e-04,8.222966200995786290e-02,1.687273204697139661e+01,1.274507253900174675e+01,-8.162447239471541494e+00,1.317397452162917482e+00,4.661706634672188989e-04,8.222966200995786290e-02
-2.188102368269155562e+01,-2.627289862732349945e+01,1.122134025583706674e+01,6.315840355763018721e+00,3.506414552818887470e-04,7.718545367177587213e-02,1.811897631730845859e+01,1.372710137267649699e+01,-8.778659744162935041e+00,1.315840355763019165e+00,3.506414552818896144e-04,7.718545367177587213e-02
-2.069960834589263854e+01,-2.533084682804845045e+01,1.063489546043021328e+01,6.314260698096726188e+00,2.557609732192385465e-04,7.228706969588906406e-02,1.930039165410737212e+01,1.466915317195154245e+01,-9.365104539569788500e+00,1.314260698096726854e+00,2.557609732192400644e-04,7.228706969588906406e-02
-1.957958181955704191e+01,-2.442609523678121164e+01,1.007679229164576284e+01,6.312672994958037798e+00,1.794675395050635567e-04,6.757079409860540509e-02,2.042041818044296519e+01,1.557390476321878658e+01,-9.923207708354237155e+00,1.312672994958038464e+00,1.794675395050642072e-04,6.757079409860540509e-02
-1.851792733705932292e+01,-2.355664338647755329e+01,9.545823223243390387e+00,6.311088563643704852e+00,1.175090353222586569e-04,6.301861173393896731e-02,2.148207266294068418e+01,1.644335661352244315e+01,-1.045417677675660961e+01,1.311088563643704852e+00,1.175090353222593481e-04,6.301861173393896731e-02
-1.751187822542143024e+01,-2.272081172511687797e+01,9.040877877837132814e+00,6.309519640371561877e+00,6.889351679095287863e-05,5.866351025192077101e-02,2.248812177457857686e+01,1.727918827488311848e+01,-1.095912212216286719e+01,1.309519640371561877e+00,6.889351679095358336e-05,5.866351025192077101e-02
-1.655878664522173338e+01,-2.191702704634280252e+01,8.560875476134180317e+00,6.307976861990094442e+00,3.150649182333639014e-05,5.451622278242686248e-02,2.344121335477827373e+01,1.808297295365719393e+01,-1.143912452386581968e+01,1.307976861990095108e+00,3.150649182333714908e-05,5.451622278242686248e-02
-1.565601466141410469e+01,-2.114372392987127824e+01,8.104738319427942983e+00,6.306470763697492821e+00,3.246340849111796491e-06,5.058722477068973433e-02,2.434398533858590241e+01,1.885627607012871820e+01,-1.189526168057205702e+01,1.306470763697492377e+00,3.246340849112577455e-06,5.058722477068973433e-02
-1.480106264500248514e+01,-2.039947236677070919e+01,7.671433958782981399e+00,6.305008005168447838e+00,-1.744427417035612410e-05,4.687540274275028840e-02,2.519893735499752196e+01,1.960052763322928726e+01,-1.232856604121701949e+01,1.305008005168447838e+00,-1.744427417035542615e-05,4.687540274275028840e-02
-1.399137596107805237e+01,-1.968283891739791969e+01,7.259915411047408007e+00,6.303595239761180302e+00,-3.200500589792142943e-05,4.338085371877831858e-02,2.600862403892195474e+01,2.031716108260207676e+01,-1.274008458895259110e+01,1.303595239761180302e+00,-3.200500589792075858e-05,4.338085371877831858e-02
-1.322483341899677534e+01,-1.899272612667271076e+01,6.869269757397162834e+00,6.302236556428086445e+00,-4.154296785491822251e-05,4.009929269363567833e-02,2.677516658100322999e+01,2.100727387332728568e+01,-1.313073024260283717e+01,1.302236556428085779e+00,-4.154296785491762620e-05,4.009929269363567139e-02
-1.249931382811463010e+01,-1.832803653951489409e+01,6.498584079008185910e+00,6.300936044121559831e+00,-4.716527356268059197e-05,3.702643466218424884e-02,2.750068617188537701e+01,2.167196346048510236e+01,-1.350141592099181409e+01,1.300936044121560053e+00,-4.716527356268018539e-05,3.702643466218424190e-02
-1.181269599778757851e+01,-1.768767270084426002e+01,6.146945457056414597e+00,6.299697791793999357e+00,-4.997903654254267725e-05,3.415799461928588354e-02,2.818730400221242860e+01,2.231232729915573643e+01,-1.385305454294358540e+01,1.299697791793998691e+00,-4.997903654254265014e-05,3.415799461928587660e-02
-1.116323499390355423e+01,-1.707074357835912792e+01,5.813572946708370104e+00,6.298521793295837945e+00,-5.076007289529446426e-05,3.148408731926025106e-02,2.883676500609644933e+01,2.292925642164086852e+01,-1.418642705329163078e+01,1.298521793295837723e+00,-5.076007289529444394e-05,3.148408731926025800e-02
-1.054842938302938471e+01,-1.647599719392327700e+01,5.497404903315151081e+00,6.297409509989296161e+00,-5.003142264913743151e-05,2.899531514309939065e-02,2.945157061697062062e+01,2.352400280607671945e+01,-1.450259509668484981e+01,1.297409509989295717e+00,-5.003142264913737052e-05,2.899531514309939759e-02
-9.966626940746168728e+00,-1.590261816246756865e+01,5.197682995154067953e+00,6.296360356996395957e+00,-4.811329730701080926e-05,2.668323264404248024e-02,3.003337305925383660e+01,2.409738183753242780e+01,-1.480231700484593382e+01,1.296360356996395513e+00,-4.811329730701068729e-05,2.668323264404248718e-02
-9.416299724573267582e+00,-1.534985525239189563e+01,4.913693447094923172e+00,6.295373122526274123e+00,-4.528790461953705661e-05,2.453883395080683899e-02,3.058370027542673597e+01,2.465014474760810259e+01,-1.508630655290507683e+01,1.295373122526273457e+00,-4.528790461953695497e-05,2.453883395080684593e-02
-8.895919792030047901e+00,-1.481695723209614890e+01,4.644722484007528962e+00,6.294446594788066562e+00,-4.183745233733868684e-05,2.255311319210982074e-02,3.110408020796995743e+01,2.518304276790384932e+01,-1.535527751599247104e+01,1.294446594788066118e+00,-4.183745233733880881e-05,2.255311319210982421e-02
-8.403959200635870985e+00,-1.430317286998021586e+01,4.390056330761687775e+00,6.293579561990910065e+00,-3.804414821103813192e-05,2.071706449666874117e-02,3.159604079936413257e+01,2.569682713001978058e+01,-1.560994366923831222e+01,1.293579561990909843e+00,-3.804414821103878244e-05,2.071706449666874117e-02
-7.938890007910100799e+00,-1.380775093444399104e+01,4.148981212227207394e+00,6.292770812343941422e+00,-3.419019999125792546e-05,1.902168199320095066e-02,3.206110999208990364e+01,2.619224906555600541e+01,-1.585101878777279261e+01,1.292770812343940756e+00,-3.419019999125953821e-05,1.902168199320095412e-02
-7.499184271372101307e+00,-1.332994019388735829e+01,3.920783353273895155e+00,6.292019134056295648e+00,-3.055781542862051300e-05,1.745795981042376835e-02,3.250081572862789869e+01,2.667005980611263993e+01,-1.607921664672610618e+01,1.292019134056295648e+00,-3.055781542862360297e-05,1.745795981042377182e-02
-7.084056085939427483e+00,-1.286931035011434687e+01,3.705073685446354848e+00,6.291317047578876220e+00,-2.771261865300941754e-05,1.601265551474520196e-02,3.291594391406057696e+01,2.713068964988564957e+01,-1.629492631455364560e+01,1.291317047578875332e+00,-2.771261865301293103e-05,1.601265551474520890e-02
-6.691254682187319780e+00,-1.242481567595344316e+01,3.500792428952719693e+00,6.290663848860438279e+00,-2.504208863690756212e-05,1.467817049539568881e-02,3.330874531781268644e+01,2.757518432404655329e+01,-1.649920757104727898e+01,1.290663848860437835e+00,-2.504208863691109255e-05,1.467817049539569575e-02
-6.319563937874594473e+00,-1.199584274984176879e+01,3.307345863427971544e+00,6.290058443831126667e+00,-2.241905174472186993e-05,1.344892005725977120e-02,3.368043606212540908e+01,2.800415725015822943e+01,-1.669265413657202757e+01,1.290058443831126445e+00,-2.241905174472540714e-05,1.344892005725977814e-02
-5.968069015738591609e+00,-1.158190610573177004e+01,3.124274982852338400e+00,6.289498228702331772e+00,-1.987550515659342385e-05,1.231842861208356024e-02,3.403193098426141461e+01,2.841809389426822818e+01,-1.687572501714766204e+01,1.289498228702331550e+00,-1.987550515659696783e-05,1.231842861208356718e-02
-5.635855078516645023e+00,-1.118252027757588785e+01,2.951120781206044263e+00,6.288980599685443984e+00,-1.744344605266327965e-05,1.128022057161315664e-02,3.436414492148335853e+01,2.881747972242411038e+01,-1.704887921879395662e+01,1.288980599685443540e+00,-1.744344605266682363e-05,1.128022057161316358e-02
-5.322007288946095649e+00,-1.079719979932657026e+01,2.787424252469317576e+00,6.288502952991852801e+00,-1.515487161307253037e-05,1.032782034759467324e-02,3.467799271105391057e+01,2.920280020067342974e+01,-1.721257574753068198e+01,1.288502952991852357e+00,-1.515487161307607774e-05,1.032782034759468018e-02
-5.025610809764275544e+00,-1.042545920493625466e+01,2.632726390622382340e+00,6.288062684832949500e+00,-1.304177901796223178e-05,9.454752351774214220e-03,3.497438919023572623e+01,2.957454079506374356e+01,-1.736727360937761944e+01,1.288062684832948834e+00,-1.304177901796578593e-05,9.454752351774219424e-03
-4.745750803708527421e+00,-1.006681302835739089e+01,2.486568189645466997e+00,6.287657191420123581e+00,-1.113616544747348031e-05,8.654540995897890693e-03,3.525424919629147524e+01,2.993318697164260911e+01,-1.751343181035453256e+01,1.287657191420122915e+00,-1.113616544747703446e-05,8.654540995897895897e-03
-4.481512433516184224e+00,-9.720775803542419879e+00,2.348490643518796439e+00,6.287283868964765432e+00,-9.470028081747331741e-06,7.920710691711806833e-03,3.551848756648382022e+01,3.027922419645758012e+01,-1.765150935648120267e+01,1.287283868964764766e+00,-9.470028081750896055e-06,7.920710691711813772e-03
-4.231980861924585113e+00,-9.386862064443784348e+00,2.218034746222596887e+00,6.286940113678265440e+00,-8.075364100924865547e-06,7.246785850962077224e-03,3.576801913807541666e+01,3.061313793555621388e+01,-1.778196525377740400e+01,1.286940113678264996e+00,-8.075364100928443414e-06,7.246785850962084163e-03
-3.996241251671070138e+00,-9.064586345013935897e+00,2.094741491737096784e+00,6.286623321772013995e+00,-6.984170685147174774e-06,6.626290885394811245e-03,3.600375874832893430e+01,3.093541365498606410e+01,-1.790525850826290366e+01,1.286623321772013551e+00,-6.984170685150776359e-06,6.626290885394816449e-03
-3.773494178542196487e+00,-8.753512894927231613e+00,1.978208752581005703e+00,6.286331653234781491e+00,-6.131483609148981891e-06,6.055587237514229067e-03,3.622650582145780618e+01,3.124648710507276306e+01,-1.802179124741899585e+01,1.286331653234781269e+00,-6.131483609152613968e-06,6.055587237514236006e-03
-3.563052554786766191e+00,-8.453245025887801134e+00,1.868081211686037024e+00,6.286064410917592937e+00,-5.272047193720493926e-06,5.535490422017935903e-03,3.643694744521323514e+01,3.154675497411219354e+01,-1.813191878831396409e+01,1.286064410917592937e+00,-5.272047193724143791e-06,5.535490422017942842e-03
-3.364118668295841275e+00,-8.163337462115837440e+00,1.763949712998654995e+00,6.285818901278921622e+00,-4.515860917729060565e-06,5.058648548689185891e-03,3.663588133170416228e+01,3.183666253788415901e+01,-1.823605028700134767e+01,1.285818901278921622e+00,-4.515860917732707041e-06,5.058648548689193697e-03
-3.176162685122057461e+00,-7.883463435074108183e+00,1.665540416619616160e+00,6.285593694004443677e+00,-3.854692179259024606e-06,4.622109321235816706e-03,3.682383731487794876e+01,3.211653656492588738e+01,-1.833445958338038650e+01,1.285593694004443677e+00,-3.854692179262664307e-06,4.622109321235823645e-03
-2.998654771318044254e+00,-7.613296176225370360e+00,1.572579482649675064e+00,6.285387358779835232e+00,-3.280308376394709791e-06,4.222920443365651283e-03,3.700134522868196285e+01,3.238670382377462431e+01,-1.842742051735032760e+01,1.285387358779835232e+00,-3.280308376398356268e-06,4.222920443365659089e-03
-2.831065092936436933e+00,-7.352508917032391622e+00,1.484793071189588698e+00,6.285198465290773306e+00,-2.784476907220458072e-06,3.858129618786529033e-03,3.716893490706356573e+01,3.264749108296760483e+01,-1.851520692881041441e+01,1.285198465290773306e+00,-2.784476907224143089e-06,3.858129618786536839e-03
-2.672863816029869888e+00,-7.100774888957934294e+00,1.401907342340113605e+00,6.285025583222934031e+00,-2.358965169820604624e-06,3.524784551206281997e-03,3.732713618397013278e+01,3.289922511104206393e+01,-1.859809265765988684e+01,1.285025583222934031e+00,-2.358965169824379003e-06,3.524784551206288936e-03
-2.523521106650976176e+00,-6.857767323464764253e+00,1.323648456202004997e+00,6.284867282261994426e+00,-1.995540562279485470e-06,3.219932944332741780e-03,3.747647889334902516e+01,3.314223267653522953e+01,-1.867635154379799545e+01,1.284867282261993982e+00,-1.995540562283417397e-06,3.219932944332748719e-03
-2.382507130852390631e+00,-6.623159452015645599e+00,1.249742572876020308e+00,6.284722132093629732e+00,-1.685970482681438751e-06,2.940622501873745628e-03,3.761749286914761115e+01,3.337684054798435085e+01,-1.875025742712398014e+01,1.284722132093629510e+00,-1.685970482685613776e-06,2.940622501873752567e-03
-2.249459467012018710e+00,-6.396707795695236065e+00,1.180002158229779941e+00,6.284589169301337819e+00,-1.427420297466275886e-06,2.684940361233050660e-03,3.775054053298798351e+01,3.360329220430475772e+01,-1.881999784177022050e+01,1.284589169301338041e+00,-1.427420297470664999e-06,2.684940361233056298e-03
-2.123901775419144489e+00,-6.178105693753085603e+00,1.114179489112541610e+00,6.284467747800971615e+00,-1.213118677314067712e-06,2.451791359100561826e-03,3.787609822458085773e+01,3.382189430624691084e+01,-1.888582051088745928e+01,1.284467747800971171e+00,-1.213118677318457248e-06,2.451791359100567464e-03
-2.005114211684190906e+00,-5.966920640323711389e+00,1.051901067639276377e+00,6.284356322426507546e+00,-1.026965308087038581e-06,2.237974013002312981e-03,3.799488578831581265e+01,3.403307935967628595e+01,-1.894809893236072540e+01,1.284356322426507102e+00,-1.026965308091429600e-06,2.237974013002319053e-03
-1.892811374330139351e+00,-5.762937227312719735e+00,9.930178088357740629e-01,6.284254274111989780e+00,-8.665422688242369588e-07,2.042279821892130885e-03,3.810718862566986331e+01,3.423706277268727405e+01,-1.900698219116422649e+01,1.284254274111990002e+00,-8.665422688286299893e-07,2.042279821892136957e-03
-1.786707861879966774e+00,-5.565940046625713400e+00,9.373806277278233789e-01,6.284160983791463373e+00,-7.294316385647067548e-07,1.863500284723836661e-03,3.821329213812003900e+01,3.443405995337428038e+01,-1.906261937227217729e+01,1.284160983791463817e+00,-7.294316385691020087e-07,1.863500284723842298e-03
-1.686518272856653677e+00,-5.375713690168297809e+00,8.848404393412143687e-01,6.284075832398972494e+00,-6.132154963474966445e-07,1.700426900451256634e-03,3.831348172714334765e+01,3.462428630983169597e+01,-1.911515956065878541e+01,1.284075832398972716e+00,-6.132154963518935925e-07,1.700426900451262272e-03
-1.591957205783179674e+00,-5.192042749846080163e+00,8.352481587017364095e-01,6.283998200868560424e+00,-5.154759212116533975e-07,1.551851168028215181e-03,3.840804279421682565e+01,3.480795725015391184e+01,-1.916475184129826204e+01,1.283998200868560646e+00,-5.154759212160514044e-07,1.551851168028220819e-03
-1.502739259182524378e+00,-5.014711817564666774e+00,7.884547008351798780e-01,6.283927470134272220e+00,-4.337949921962251597e-07,1.416564586408538412e-03,3.849726074081748095e+01,3.498528818243532612e+01,-1.921154529916482190e+01,1.283927470134271775e+00,-4.337949922006227431e-07,1.416564586408544050e-03
-1.418579031577666516e+00,-4.843505485229659513e+00,7.443109807673331524e-01,6.283863021130150273e+00,-3.657547883402570065e-07,1.293358654546048099e-03,3.858142096842233570e+01,3.515649451477033693e+01,-1.925568901923266552e+01,1.283863021130150273e+00,-3.657547883446526840e-07,1.293358654546053737e-03
-1.339191121491585257e+00,-4.678208344746664693e+00,7.026679135239862761e-01,6.283804234790239640e+00,-3.089373886827970838e-07,1.181024871394571003e-03,3.866080887850841918e+01,3.532179165525332820e+01,-1.929733208647601472e+01,1.283804234790240084e+00,-3.089373886871885261e-07,1.181024871394576641e-03
-1.264290127447260881e+00,-4.518604988021289515e+00,6.633764141309288487e-01,6.283750492048585379e+00,-2.609248722628918434e-07,1.078354735907930632e-03,3.873570987255273934e+01,3.548139501197870516e+01,-1.933662358586907004e+01,1.283750492048585379e+00,-2.609248722672762977e-07,1.078354735907936270e-03
-1.193590647967673002e+00,-4.364480006959139402e+00,6.262873976139509136e-01,6.283701173839229881e+00,-2.192993181195898547e-07,9.841397470399533120e-04,3.880640935203233255e+01,3.563551999304085172e+01,-1.937371260238604975e+01,1.283701173839230103e+00,-2.192993181239637211e-07,9.841397470399589498e-04
-1.126807281575800124e+00,-4.215617993465817115e+00,5.912517789988410710e-01,6.283655661096218203e+00,-1.816428052919356638e-07,8.971714037444619011e-04,3.887319271842419965e+01,3.578438200653417312e+01,-1.940874822100115793e+01,1.283655661096218425e+00,-1.816428052962964012e-07,8.971714037444675389e-04
-1.063814508048435359e+00,-4.071897635657585113e+00,5.582038913219717902e-01,6.283614336101884135e+00,-1.517271744487509767e-07,8.182435666027574077e-04,3.893618549195156930e+01,3.592810236434240778e+01,-1.944179610867802666e+01,1.283614336101884135e+00,-1.517271744531083259e-07,8.182435666027630455e-04
-1.004280773393706916e+00,-3.933058986491969389e+00,5.269699888917811492e-01,6.283576740834309504e+00,-1.276507526707798531e-07,7.464754675168584763e-04,3.899571922660629752e+01,3.606694101350802129e+01,-1.947303001110821796e+01,1.283576740834309282e+00,-1.276507526751372288e-07,7.464754675168641142e-04
-9.479917372358664940e-01,-3.798919023751156310e+00,4.974378128274872801e-01,6.283542335233324394e+00,-1.070077774389159026e-07,6.808067892167143876e-04,3.905200826276414006e+01,3.620108097624883214e+01,-1.950256218717251144e+01,1.283542335233324394e+00,-1.070077774432733180e-07,6.808067892167200255e-04
-8.948058185146905430e-01,-3.669339847203310967e+00,4.695331503841509435e-01,6.283510908887864232e+00,-8.947011966688629899e-08,6.208342439842225950e-04,3.910519418148531656e+01,3.633066015279668193e+01,-1.953046684961584845e+01,1.283510908887864455e+00,-8.947011967124378058e-08,6.208342439842282328e-04
-8.445814361699535144e-01,-3.544183556616595787e+00,4.431817888168321229e-01,6.283482251386864448e+00,-7.470965026841767312e-08,5.661545441012789254e-04,3.915541856383005381e+01,3.645581644338339800e+01,-1.955681821118316677e+01,1.283482251386864226e+00,-7.470965027277523412e-08,5.661545441012845632e-04
-7.971770091414314141e-01,-3.423312251759176306e+00,4.183095153805914679e-01,6.283456152319257804e+00,-6.239824015723715894e-08,5.163644018497809407e-04,3.920282299085857147e+01,3.657668774824081481e+01,-1.958169048461940775e+01,1.283456152319258248e+00,-6.239824016159483905e-08,5.163644018497865786e-04
-7.524509563689001368e-01,-3.306588032399217170e+00,3.948421173304894616e-01,6.283432401273981505e+00,-5.220776024707178448e-08,4.710605295116257149e-04,3.924754904363110342e+01,3.669341196760077395e+01,-1.960515788266950921e+01,1.283432401273981505e+00,-5.220776025142950430e-08,4.710605295116313527e-04
-7.102616967921351332e-01,-3.193872998304883914e+00,3.727053819215868646e-01,6.283410787839969203e+00,-4.381008145164852484e-08,4.298396393687103760e-04,3.928973830320786931e+01,3.680612700169510987e+01,-1.962729461807841247e+01,1.283410787839968981e+00,-4.381008145600632407e-08,4.298396393687159596e-04
-6.704676493509116320e-01,-3.085029249244338967e+00,3.518250964089436605e-01,6.283391101606155438e+00,-3.687707468469420953e-08,3.922984437029310763e-04,3.932953235064909592e+01,3.691497075075564993e+01,-1.964817490359105534e+01,1.283391101606154994e+00,-3.687707468905206170e-08,3.922984437029366058e-04
-6.329272329850054168e-01,-2.979918884985747862e+00,3.321270480476204989e-01,6.283373132161474750e+00,-3.108061085993593276e-08,3.580336547961853778e-04,3.936707276701500291e+01,3.702008111501424281e+01,-1.966787295195237917e+01,1.283373132161474750e+00,-3.108061086429381139e-08,3.580336547961909073e-04
-5.974988666341922716e-01,-2.878404005297275248e+00,3.135370240926778629e-01,6.283356669094862568e+00,-2.609256089110066962e-08,3.266419849303701375e-04,3.940250113336580995e+01,3.712159599470271587e+01,-1.968646297590732175e+01,1.283356669094863012e+00,-2.609256089545854826e-08,3.266419849303756669e-04
-5.640409692382477580e-01,-2.780346709947087103e+00,2.959808117991763465e-01,6.283341501995254319e+00,-2.158479569191539521e-08,2.977201463873825919e-04,3.943595903076175802e+01,3.721965329005290357e+01,-1.970401918820082443e+01,1.283341501995254319e+00,-2.158479569627316797e-08,2.977201463873880129e-04
-5.324982597583741706e-01,-2.685674900118322217e+00,2.794294269313292167e-01,6.283327721796557519e+00,-1.787895997451989698e-08,2.714453048368198362e-04,3.946750174024163016e+01,3.731432509988167112e+01,-1.972057057306867023e+01,1.283327721796556853e+00,-1.787895997887764326e-08,2.714453048368251488e-04
-5.026946617467984435e-01,-2.594212916875106689e+00,2.637905098221461353e-01,6.283315200398376987e+00,-1.492180799266322351e-08,2.475736181941496348e-04,3.949730533825320578e+01,3.740578708312488487e+01,-1.973620949017785264e+01,1.283315200398376765e+00,-1.492180799702102273e-08,2.475736181941549474e-04
-4.745081066700675976e-01,-2.505830122731971255e+00,2.490000377284063426e-01,6.283303739538650845e+00,-1.241067650427116417e-08,2.257246886429591266e-04,3.952549189332993507e+01,3.749416987726802120e+01,-1.975099996227159238e+01,1.283303739538650179e+00,-1.241067650862909244e-08,2.257246886429644121e-04
-4.478696796134429281e-01,-2.420438135765599963e+00,2.350218564279946409e-01,6.283293270995847557e+00,-1.030003865747921771e-08,2.057683229673006346e-04,3.955213032038655996e+01,3.757956186423439249e+01,-1.976497814357200511e+01,1.283293270995846891e+00,-1.030003866183730479e-08,2.057683229673059201e-04
-4.227104656621848977e-01,-2.337948574052674200e+00,2.218198116987952773e-01,6.283283726548437365e+00,-8.544367600422815019e-09,1.875743279512260479e-04,3.957728953433781527e+01,3.766205142594731825e+01,-1.977818018830120295e+01,1.283283726548437143e+00,-8.544367604781044378e-09,1.875743279512313605e-04
-3.989615499015554123e-01,-2.258273055669880680e+00,2.093577493186933314e-01,6.283275037974891397e+00,-7.098136481237501168e-09,1.710125103787883401e-04,3.960103845009845003e+01,3.774172694433011088e+01,-1.979064225068130511e+01,1.283275037974890731e+00,-7.098136485595814899e-09,1.710125103787935713e-04
-3.765540174168149901e-01,-2.181323198693901233e+00,1.975995150655732169e-01,6.283267137053678120e+00,-5.915818448058716984e-09,1.559526770340394003e-04,3.962344598258318484e+01,3.781867680130608989e+01,-1.980240048493442728e+01,1.283267137053677454e+00,-5.915818452417017480e-09,1.559526770340446315e-04
-3.554189532932243711e-01,-2.107010621201419021e+00,1.865089547173193751e-01,6.283259955563267773e+00,-4.951886649021933078e-09,1.422646347010313617e-04,3.964458104670677585e+01,3.789298937879857476e+01,-1.981349104528268157e+01,1.283259955563267329e+00,-4.951886653380076411e-09,1.422646347010365659e-04
-3.354874426160453504e-01,-2.035246941269119425e+00,1.760499140518167471e-01,6.283253425282130600e+00,-4.160814232262664730e-09,1.298181901638169810e-04,3.966451255738395787e+01,3.796475305873087080e+01,-1.982395008594818364e+01,1.283253425282130156e+00,-4.160814236620460647e-09,1.298181901638221852e-04
-3.166905704705383351e-01,-1.965943776973683832e+00,1.661862388469496077e-01,6.283247477988736840e+00,-3.497074345916366007e-09,1.184831502064482016e-04,3.968330942952946572e+01,3.803405622302631173e+01,-1.983381376115304917e+01,1.283247477988736174e+00,-3.497074350273586206e-09,1.184831502064533516e-04
-2.989594219419649535e-01,-1.899012746391798512e+00,1.568817748806030088e-01,6.283242045461555847e+00,-2.915140138118540607e-09,1.081293216129775904e-04,3.970104057805804132e+01,3.810098725360819572e+01,-1.984311822511939738e+01,1.283242045461555181e+00,-2.915140142474900538e-09,1.081293216129828216e-04
-2.822250821155860567e-01,-1.834365467600145738e+00,1.481003679306612808e-01,6.283237059479057862e+00,-2.369484757004659141e-09,9.862651116745738892e-05,3.971777491788441949e+01,3.816563453239984938e+01,-1.985189963206933683e+01,1.283237059479057196e+00,-2.369484761359851093e-09,9.862651116746259309e-05
-2.664186360766621631e-01,-1.771913558675407785e+00,1.398058637750089761e-01,6.283232451819712239e+00,-1.814581350710195529e-09,8.984452565393964913e-05,3.973358136392334217e+01,3.822808644132458511e+01,-1.986019413622499030e+01,1.283232451819711795e+00,-1.814581355063842308e-09,8.984452565394490751e-05
-2.515017453241534806e-01,-1.711597610544097758e+00,1.319781472890991514e-01,6.283228275162242582e+00,-1.556773826496915844e-09,8.188445655793866239e-05,3.974849825467584452e+01,3.828840238945589647e+01,-1.986802185271089982e+01,1.283228275162242582e+00,-1.556773830850045221e-09,8.188445655794412406e-05
-2.374071228708165560e-01,-1.653323150845595446e+00,1.245819104161357133e-01,6.283224486097183537e+00,-1.409156929324779802e-09,7.466335072396488486e-05,3.976259287712918677e+01,3.834667684915439878e+01,-1.987541808958386369e+01,1.283224486097183537e+00,-1.409156933677907111e-09,7.466335072397034653e-05
-2.240873409825712148e-01,-1.597018701048432909e+00,1.175922674640022120e-01,6.283221024662775100e+00,-1.243771335290646027e-09,6.806664490478632023e-05,3.977591265901742901e+01,3.840298129895155910e+01,-1.988240773253599869e+01,1.283221024662775323e+00,-1.243771339643766305e-09,6.806664490479176835e-05
-2.115072542884002538e-01,-1.542625474827244103e+00,1.109907767074703733e-01,6.283217867891043973e+00,-1.068783948191069451e-09,6.205056962085256540e-05,3.978849274571160066e+01,3.845737452517275301e+01,-1.988900922329252907e+01,1.283217867891044195e+00,-1.068783952544179182e-09,6.205056962085802707e-05
-1.996317174172854703e-01,-1.490084685856658986e+00,1.047589964213114233e-01,6.283214992814015964e+00,-8.923616718225933242e-10,5.657135539261281068e-05,3.980036828258271697e+01,3.850991531414333480e+01,-1.989524100357868974e+01,1.283214992814016187e+00,-8.923616761756907513e-10,5.657135539261827235e-05
-1.884255849982096054e-01,-1.439337547811311069e+00,9.887848488029704619e-02,6.283212376463717774e+00,-7.226714099817735117e-10,5.158523274051663262e-05,3.981157441500179317e+01,3.856066245218868715e+01,-1.990112151511970495e+01,1.283212376463718218e+00,-7.226714143348579108e-10,5.158523274052208751e-05
-1.778537116601545676e-01,-1.390325274365831421e+00,9.333080035919859296e-02,6.283209995872176101e+00,-5.678800664651557445e-10,4.704843218501328930e-05,3.982214628833984449e+01,3.860967472563416436e+01,-1.990666919964080250e+01,1.283209995872175879e+00,-5.678800708182280461e-10,4.704843218501876453e-05
-1.678809520321025983e-01,-1.342989079194851332e+00,8.809750113278744243e-02,6.283207828071415868e+00,-4.361545450692878220e-10,4.291718424655213368e-05,3.983211904796790037e+01,3.865701092080514201e+01,-1.991190249886721375e+01,1.283207828071415868e+00,-4.361545494223497838e-10,4.291718424655762923e-05
-1.584721607430362167e-01,-1.297270175973003870e+00,8.316014547583522321e-02,6.283205850093464662e+00,-3.356617495907228166e-10,3.914771944558267453e-05,3.984152783925696184e+01,3.870272982402698858e+01,-1.991683985452416650e+01,1.283205850093464218e+00,-3.356617539437789881e-10,3.914771944558820396e-05
-1.495921924219374977e-01,-1.253109778374919880e+00,7.850029166311325857e-02,6.283204038970347405e+00,-2.745685838260073904e-10,3.569626830255415639e-05,3.985040780757806544e+01,3.874689022162507968e+01,-1.992149970833688855e+01,1.283204038970347405e+00,-2.745685881790631483e-10,3.569626830255973325e-05
-1.412059016977887937e-01,-1.210449100075232209e+00,7.409949796939313549e-02,6.283202371734091685e+00,-2.610419515716929615e-10,3.251906133791610161e-05,3.985879409830221221e+01,3.878955089992476246e+01,-1.992590050203060770e+01,1.283202371734091685e+00,-2.610419559247543029e-10,3.251906133792175301e-05
